Gene_set,Term,P-value,Adjusted P-value,Old P-value,Old adjusted P-value,Odds Ratio,Combined Score,Genes
GO_Biological_Process_2023,Antigen Processing And Presentation Of Exogenous Peptide Antigen Via MHC Class II (GO:0019886),3.646280094433034e-06,0.0005560577144010377,0,0,128.0956937799043,1603.9890506366446,HLA-DRB5;HLA-DRA;CTSS
GO_Biological_Process_2023,Antigen Processing And Presentation Of Peptide Antigen Via MHC Class II (GO:0002495),3.646280094433034e-06,0.0005560577144010377,0,0,128.0956937799043,1603.9890506366446,HLA-DRB5;HLA-DRA;CTSS
GO_Biological_Process_2023,Antigen Processing And Presentation Of Exogenous Peptide Antigen (GO:0002478),6.893746161235498e-06,0.0007008641930589424,0,0,101.38068181818181,1204.8988507741963,HLA-DRB5;HLA-DRA;CTSS
GO_Biological_Process_2023,Peptide Antigen Assembly With MHC Class II Protein Complex (GO:0002503),0.00016881704999061384,0.010297840049427444,0,0,129.3840579710145,1123.919846073114,HLA-DRB5;HLA-DRA
GO_Biological_Process_2023,MHC Class II Protein Complex Assembly (GO:0002399),0.00016881704999061384,0.010297840049427444,0,0,129.3840579710145,1123.919846073114,HLA-DRB5;HLA-DRA
GO_Biological_Process_2023,Immunoglobulin Production Involved In Immunoglobulin-Mediated Immune Response (GO:0002381),0.0002222352528501899,0.01129695868655132,0,0,110.88819875776397,932.7664716142953,HLA-DRB5;HLA-DRA
GO_Biological_Process_2023,Peptide Antigen Assembly With MHC Protein Complex (GO:0002501),0.0002828654348289352,0.012324851088975033,0,0,97.0163043478261,792.6755243789264,HLA-DRB5;HLA-DRA
GO_Biological_Process_2023,Immunoglobulin Mediated Immune Response (GO:0016064),0.0007435785842876662,0.028348933525967273,0,0,57.45571658615137,413.91305658596303,HLA-DRB5;HLA-DRA
GO_Biological_Process_2023,Cellular Response To Mechanical Stimulus (GO:0071260),0.0013455645633632662,0.03923889275187665,0,0,41.90364277320799,277.02253538054475,IRF1;LTBR
GO_Biological_Process_2023,Mesodermal Cell Fate Commitment (GO:0001710),0.001397243736334763,0.03923889275187665,0,0,inf,inf,KLF4
GO_Biological_Process_2023,Positive Regulation Of Leukocyte Cell-Cell Adhesion (GO:1903039),0.0014151731812152234,0.03923889275187665,0,0,40.79862700228833,267.6595297695322,HLA-DRB5;HLA-DRA
GO_Biological_Process_2023,Positive Regulation Of Lymphocyte Activation (GO:0051251),0.0015594645543770215,0.03963639075708263,0,0,38.754347826086956,250.48534589631547,HLA-DRB5;HLA-DRA
GO_Biological_Process_2023,Positive Regulation Of Apoptotic Signaling Pathway (GO:2001235),0.0019495835116265577,0.04270379653414038,0,0,34.43864734299517,214.90196405929655,LTBR;CTSS
GO_Biological_Process_2023,Negative Regulation Of DNA-templated Transcription (GO:0045892),0.00196017426714087,0.04270379653414038,0,0,6.548706240487062,40.829362200384544,ZFP36;KDM1B;IRF1;IRF2;KLF4
GO_Biological_Process_2023,Regulation Of T Cell Activation (GO:0050863),0.002203630498347392,0.044807153466396965,0,0,32.280797101449274,197.48258779271546,HLA-DRB5;HLA-DRA
GO_Biological_Process_2023,Regulation Of Immune Response (GO:0050776),0.002659952090372866,0.04731947035683764,0,0,29.227235438884332,173.3013483866196,IRF1;HLA-DRA
GO_Biological_Process_2023,Gamma-Aminobutyric Acid Metabolic Process (GO:0009448),0.002792624480075664,0.04731947035683764,0,0,744.4166666666666,4377.745770145036,ALDH1A1
GO_Biological_Process_2023,Purine-Containing Compound Catabolic Process (GO:0072523),0.002792624480075664,0.04731947035683764,0,0,744.4166666666666,4377.745770145036,DPYD
GO_Biological_Process_2023,Negative Regulation Of Transcription By RNA Polymerase II (GO:0000122),0.004323400515451217,0.0479230532415119,0,0,6.870183758150563,37.399308842853664,ZFP36;KDM1B;IRF2;KLF4
GO_Biological_Process_2023,Cellular Response To Oxygen-Containing Compound (GO:1901701),0.004775867896294699,0.0479230532415119,0,0,9.84891952309985,52.63439443474659,ZFP36;CPNE2;CXCL5
GO_Biological_Process_2023,MAPK Cascade (GO:0000165),0.0052744323176264684,0.0479230532415119,0,0,20.3558352402746,106.76399909613131,ZFP36;DUSP6
GO_Biological_Process_2023,Cellular Response To Molecule Of Bacterial Origin (GO:0071219),0.005406816622619986,0.0479230532415119,0,0,20.090344438170526,104.87350220981092,ZFP36;CXCL5
GO_Biological_Process_2023,Positive Regulation Of Hemoglobin Biosynthetic Process (GO:0046985),0.0055777812283368915,0.0479230532415119,0,0,248.11111111111111,1287.4396759056922,KLF4
GO_Biological_Process_2023,Cellular Response To Granulocyte Macrophage Colony-Stimulating Factor Stimulus (GO:0097011),0.0055777812283368915,0.0479230532415119,0,0,248.11111111111111,1287.4396759056922,ZFP36
GO_Biological_Process_2023,Pyrimidine Nucleobase Catabolic Process (GO:0006208),0.0055777812283368915,0.0479230532415119,0,0,248.11111111111111,1287.4396759056922,DPYD
GO_Biological_Process_2023,"Positive Regulation Of CD4-positive, CD25-positive, Alpha-Beta Regulatory T Cell Differentiation (GO:0032831)",0.0055777812283368915,0.0479230532415119,0,0,248.11111111111111,1287.4396759056922,HLA-DRA
GO_Biological_Process_2023,"Regulation Of CD4-positive, Alpha-Beta T Cell Activation (GO:2000514)",0.0055777812283368915,0.0479230532415119,0,0,248.11111111111111,1287.4396759056922,HLA-DRA
GO_Biological_Process_2023,Regulation Of Keratinocyte Apoptotic Process (GO:1902172),0.0055777812283368915,0.0479230532415119,0,0,248.11111111111111,1287.4396759056922,ZFP36
GO_Biological_Process_2023,Response To Granulocyte Macrophage Colony-Stimulating Factor (GO:0097012),0.0055777812283368915,0.0479230532415119,0,0,248.11111111111111,1287.4396759056922,ZFP36
GO_Biological_Process_2023,Nucleobase Catabolic Process (GO:0046113),0.0055777812283368915,0.0479230532415119,0,0,248.11111111111111,1287.4396759056922,DPYD
GO_Biological_Process_2023,Cellular Response To Lipopolysaccharide (GO:0071222),0.006666362554416087,0.0479230532415119,0,0,17.97876643073812,90.08586177534421,ZFP36;CXCL5
GO_Biological_Process_2023,Negative Regulation Of Erythrocyte Differentiation (GO:0045647),0.006967560020348954,0.0479230532415119,0,0,186.07291666666666,924.1293141917889,ZFP36
GO_Biological_Process_2023,Regulation Of Epithelial Cell Apoptotic Process (GO:1904035),0.006967560020348954,0.0479230532415119,0,0,186.07291666666666,924.1293141917889,ZFP36
GO_Biological_Process_2023,Cellular Response To Laminar Fluid Shear Stress (GO:0071499),0.006967560020348954,0.0479230532415119,0,0,186.07291666666666,924.1293141917889,KLF4
GO_Biological_Process_2023,Regulation Of Hemoglobin Biosynthetic Process (GO:0046984),0.006967560020348954,0.0479230532415119,0,0,186.07291666666666,924.1293141917889,KLF4
GO_Biological_Process_2023,Monocyte Activation (GO:0042117),0.006967560020348954,0.0479230532415119,0,0,186.07291666666666,924.1293141917889,DYSF
GO_Biological_Process_2023,Regulation Of T-helper Cell Differentiation (GO:0045622),0.006967560020348954,0.0479230532415119,0,0,186.07291666666666,924.1293141917889,HLA-DRA
GO_Biological_Process_2023,Regulation Of Alpha-Beta T Cell Proliferation (GO:0046640),0.006967560020348954,0.0479230532415119,0,0,186.07291666666666,924.1293141917889,IRF1
GO_Biological_Process_2023,Positive Regulation Of T Cell Activation (GO:0050870),0.007264999006201578,0.0479230532415119,0,0,17.175845410628018,84.58566464740449,HLA-DRB5;HLA-DRA
GO_Biological_Process_2023,Cellular Response To Growth Factor Stimulus (GO:0071363),0.007887164720368916,0.0479230532415119,0,0,16.441258094357078,79.61709746734974,ZFP36;KLF4
GO_Biological_Process_2023,Synaptic Vesicle Fusion To Presynaptic Active Zone Membrane (GO:0031629),0.008355475076833768,0.0479230532415119,0,0,148.85,712.2231745798831,STX11
GO_Biological_Process_2023,Positive Regulation Of Memory T Cell Differentiation (GO:0043382),0.008355475076833768,0.0479230532415119,0,0,148.85,712.2231745798831,HLA-DRA
GO_Biological_Process_2023,Pyrimidine Nucleobase Metabolic Process (GO:0006206),0.008355475076833768,0.0479230532415119,0,0,148.85,712.2231745798831,DPYD
GO_Biological_Process_2023,Pyrimidine-Containing Compound Catabolic Process (GO:0072529),0.008355475076833768,0.0479230532415119,0,0,148.85,712.2231745798831,DPYD
GO_Biological_Process_2023,"Regulation Of CD8-positive, Alpha-Beta T Cell Proliferation (GO:2000564)",0.008355475076833768,0.0479230532415119,0,0,148.85,712.2231745798831,IRF1
GO_Biological_Process_2023,Regulation Of Memory T Cell Differentiation (GO:0043380),0.008355475076833768,0.0479230532415119,0,0,148.85,712.2231745798831,HLA-DRA
GO_Biological_Process_2023,Response To Laminar Fluid Shear Stress (GO:0034616),0.008355475076833768,0.0479230532415119,0,0,148.85,712.2231745798831,KLF4
GO_Biological_Process_2023,Negative Regulation Of T Cell Differentiation (GO:0045581),0.008355475076833768,0.0479230532415119,0,0,148.85,712.2231745798831,IRF1
GO_Biological_Process_2023,Basement Membrane Organization (GO:0071711),0.008355475076833768,0.0479230532415119,0,0,148.85,712.2231745798831,CTSS
GO_Biological_Process_2023,"Nuclear-Transcribed mRNA Catabolic Process, Deadenylation-Independent Decay (GO:0031086)",0.008355475076833768,0.0479230532415119,0,0,148.85,712.2231745798831,ZFP36
GO_Biological_Process_2023,Response To Lipopolysaccharide (GO:0032496),0.009717332202486618,0.0479230532415119,0,0,14.709730848861284,68.16260043251563,ZFP36;CXCL5
GO_Biological_Process_2023,p38MAPK Cascade (GO:0038066),0.009741528577160348,0.0479230532415119,0,0,124.03472222222223,574.4491082213857,ZFP36
GO_Biological_Process_2023,Negative Regulation Of Heterotypic Cell-Cell Adhesion (GO:0034115),0.009741528577160348,0.0479230532415119,0,0,124.03472222222223,574.4491082213857,KLF4
GO_Biological_Process_2023,Regulation Of Gene Expression By Genomic Imprinting (GO:0006349),0.009741528577160348,0.0479230532415119,0,0,124.03472222222223,574.4491082213857,KDM1B
GO_Biological_Process_2023,"Positive Regulation Of CD4-positive, Alpha-Beta T Cell Differentiation (GO:0043372)",0.009741528577160348,0.0479230532415119,0,0,124.03472222222223,574.4491082213857,HLA-DRA
GO_Biological_Process_2023,"Regulation Of CD8-positive, Alpha-Beta T Cell Activation (GO:2001185)",0.009741528577160348,0.0479230532415119,0,0,124.03472222222223,574.4491082213857,IRF1
GO_Biological_Process_2023,Negative Regulation Of Response To Cytokine Stimulus (GO:0060761),0.009741528577160348,0.0479230532415119,0,0,124.03472222222223,574.4491082213857,KLF4
GO_Biological_Process_2023,Response To Acidic pH (GO:0010447),0.009741528577160348,0.0479230532415119,0,0,124.03472222222223,574.4491082213857,CTSS
GO_Biological_Process_2023,Positive Regulation Of Cation Transmembrane Transport (GO:1904064),0.009741528577160348,0.0479230532415119,0,0,124.03472222222223,574.4491082213857,CTSS
GO_Biological_Process_2023,Regulation Of Cell-Cell Adhesion Involved In Gastrulation (GO:0070587),0.009741528577160348,0.0479230532415119,0,0,124.03472222222223,574.4491082213857,KLF4
GO_Biological_Process_2023,Positive Regulation Of Transcription By RNA Polymerase II (GO:0045944),0.01034634689396904,0.0479230532415119,0,0,5.298617511520737,24.22062590380353,KDM1B;IRF1;IRF2;KLF4
GO_Biological_Process_2023,Regulation Of Chemokine (C-X-C Motif) Ligand 2 Production (GO:2000341),0.01112572276993835,0.0479230532415119,0,0,106.30952380952381,478.23291286494623,KLF4
GO_Biological_Process_2023,Macrophage Activation Involved In Immune Response (GO:0002281),0.01112572276993835,0.0479230532415119,0,0,106.30952380952381,478.23291286494623,DYSF
GO_Biological_Process_2023,Positive Regulation Of miRNA-mediated Gene Silencing (GO:2000637),0.01112572276993835,0.0479230532415119,0,0,106.30952380952381,478.23291286494623,ZFP36
GO_Biological_Process_2023,Purine Nucleobase Metabolic Process (GO:0006144),0.01112572276993835,0.0479230532415119,0,0,106.30952380952381,478.23291286494623,DPYD
GO_Biological_Process_2023,Type II Interferon-Mediated Signaling Pathway (GO:0060333),0.01112572276993835,0.0479230532415119,0,0,106.30952380952381,478.23291286494623,IRF1
GO_Biological_Process_2023,Regulation Of Immune Effector Process (GO:0002697),0.01112572276993835,0.0479230532415119,0,0,106.30952380952381,478.23291286494623,HLA-DRA
GO_Biological_Process_2023,Regulation Of Tumor Necrosis Factor Superfamily Cytokine Production (GO:1903555),0.01112572276993835,0.0479230532415119,0,0,106.30952380952381,478.23291286494623,ZFP36
GO_Biological_Process_2023,Cellular Response To Thyroid Hormone Stimulus (GO:0097067),0.01112572276993835,0.0479230532415119,0,0,106.30952380952381,478.23291286494623,CTSS
GO_Biological_Process_2023,Response To Thyroid Hormone (GO:0097066),0.01112572276993835,0.0479230532415119,0,0,106.30952380952381,478.23291286494623,CTSS
GO_Biological_Process_2023,Defense Response To Symbiont (GO:0140546),0.011155858295565065,0.0479230532415119,0,0,13.662177760677183,61.42228914124339,IRF1;IRF2
GO_Biological_Process_2023,Cellular Response To Fluid Shear Stress (GO:0071498),0.012508059937159807,0.04983535798570667,0,0,93.015625,407.5369895112535,KLF4
GO_Biological_Process_2023,"Regulation Of CD4-positive, Alpha-Beta T Cell Differentiation (GO:0043370)",0.012508059937159807,0.04983535798570667,0,0,93.015625,407.5369895112535,HLA-DRA
GO_Biological_Process_2023,Positive Regulation Of Post-Transcriptional Gene Silencing By RNA (GO:1900370),0.012508059937159807,0.04983535798570667,0,0,93.015625,407.5369895112535,ZFP36
GO_Biological_Process_2023,Negative Regulation Of Cytokine Production (GO:0001818),0.013478512274227106,0.04983535798570667,0,0,12.342260869565218,53.15390323855817,ZFP36;KLF4
GO_Biological_Process_2023,3'-UTR-mediated mRNA Stabilization (GO:0070935),0.013888542389459236,0.04983535798570667,0,0,82.67592592592592,353.5793938870226,ZFP36
GO_Biological_Process_2023,Synaptic Vesicle Membrane Organization (GO:0048499),0.013888542389459236,0.04983535798570667,0,0,82.67592592592592,353.5793938870226,STX11
GO_Biological_Process_2023,Cellular Response To Corticosteroid Stimulus (GO:0071384),0.013888542389459236,0.04983535798570667,0,0,82.67592592592592,353.5793938870226,ZFP36
GO_Biological_Process_2023,miRNA-mediated Gene Silencing By Inhibition Of Translation (GO:0035278),0.013888542389459236,0.04983535798570667,0,0,82.67592592592592,353.5793938870226,ZFP36
GO_Biological_Process_2023,"Positive Regulation Of Nuclear-Transcribed mRNA Catabolic Process, Deadenylation-Dependent Decay (GO:1900153)",0.013888542389459236,0.04983535798570667,0,0,82.67592592592592,353.5793938870226,ZFP36
GO_Biological_Process_2023,Positive Regulation Of Nuclear-Transcribed mRNA poly(A) Tail Shortening (GO:0060213),0.013888542389459236,0.04983535798570667,0,0,82.67592592592592,353.5793938870226,ZFP36
GO_Biological_Process_2023,Defense Response To Tumor Cell (GO:0002357),0.013888542389459236,0.04983535798570667,0,0,82.67592592592592,353.5793938870226,KLF4
GO_Biological_Process_2023,Positive Regulation Of Sprouting Angiogenesis (GO:1903672),0.013888542389459236,0.04983535798570667,0,0,82.67592592592592,353.5793938870226,KLF4
GO_Biological_Process_2023,Negative Regulation Of Viral Transcription (GO:0032897),0.013888542389459236,0.04983535798570667,0,0,82.67592592592592,353.5793938870226,ZFP36
GO_Biological_Process_2023,Regulation Of Nuclear-Transcribed mRNA poly(A) Tail Shortening (GO:0060211),0.013888542389459236,0.04983535798570667,0,0,82.67592592592592,353.5793938870226,ZFP36
GO_Biological_Process_2023,Positive Regulation Of Cellular Process (GO:0048522),0.014192529429350904,0.05033397065060495,0,0,6.538729763387297,27.822553745638864,ZFP36;S1PR3;CXCL5
GO_Biological_Process_2023,Regulation Of Response To Cytokine Stimulus (GO:0060759),0.015267172451998155,0.05061399562890692,0,0,74.40416666666667,311.1619710292092,KLF4
GO_Biological_Process_2023,Regulation Of Epidermal Cell Differentiation (GO:0045604),0.015267172451998155,0.05061399562890692,0,0,74.40416666666667,311.1619710292092,ZFP36
GO_Biological_Process_2023,Regulation Of Keratinocyte Proliferation (GO:0010837),0.015267172451998155,0.05061399562890692,0,0,74.40416666666667,311.1619710292092,ZFP36
GO_Biological_Process_2023,Positive Regulation Of Alpha-Beta T Cell Activation (GO:0046635),0.015267172451998155,0.05061399562890692,0,0,74.40416666666667,311.1619710292092,HLA-DRA
GO_Biological_Process_2023,Regulation Of Neurotransmitter Transport (GO:0051588),0.015267172451998155,0.05061399562890692,0,0,74.40416666666667,311.1619710292092,DYSF
GO_Biological_Process_2023,Negative Regulation Of Cell Migration Involved In Sprouting Angiogenesis (GO:0090051),0.015267172451998155,0.05061399562890692,0,0,74.40416666666667,311.1619710292092,KLF4
GO_Biological_Process_2023,Cellular Response To Lipid (GO:0071396),0.015993100867377028,0.05233407729757136,0,0,11.2535702951444,46.54024106704001,ZFP36;CXCL5
GO_Biological_Process_2023,"Positive Regulation Of CD4-positive, Alpha-Beta T Cell Activation (GO:2000516)",0.0166439524520145,0.05233407729757136,0,0,67.63636363636364,277.01881894587365,HLA-DRA
GO_Biological_Process_2023,Negative Regulation Of Phagocytosis (GO:0050765),0.0166439524520145,0.05233407729757136,0,0,67.63636363636364,277.01881894587365,DYSF
GO_Biological_Process_2023,Regulation Of miRNA-mediated Gene Silencing (GO:0060964),0.0166439524520145,0.05233407729757136,0,0,67.63636363636364,277.01881894587365,ZFP36
GO_Biological_Process_2023,Negative Regulation Of Chemokine Production (GO:0032682),0.0166439524520145,0.05233407729757136,0,0,67.63636363636364,277.01881894587365,KLF4
GO_Biological_Process_2023,Defense Response To Virus (GO:0051607),0.017545988634874433,0.05387999847335569,0,0,10.702294685990339,43.268627430853634,IRF1;IRF2
GO_Biological_Process_2023,3'-UTR-mediated mRNA Destabilization (GO:0061158),0.01801888473535174,0.05387999847335569,0,0,61.99652777777778,248.99881937667283,ZFP36
GO_Biological_Process_2023,Cellular Response To Glucocorticoid Stimulus (GO:0071385),0.01801888473535174,0.05387999847335569,0,0,61.99652777777778,248.99881937667283,ZFP36
GO_Biological_Process_2023,Regulation Of Keratinocyte Differentiation (GO:0045616),0.01801888473535174,0.05387999847335569,0,0,61.99652777777778,248.99881937667283,ZFP36
GO_Biological_Process_2023,Myeloid Cell Activation Involved In Immune Response (GO:0002275),0.01801888473535174,0.05387999847335569,0,0,61.99652777777778,248.99881937667283,DYSF
GO_Biological_Process_2023,Negative Regulation Of Interleukin-8 Production (GO:0032717),0.01939197164210517,0.05527618084899137,0,0,57.22435897435897,225.6297036245052,KLF4
GO_Biological_Process_2023,Regulation Of Viral Transcription (GO:0046782),0.01939197164210517,0.05527618084899137,0,0,57.22435897435897,225.6297036245052,ZFP36
GO_Biological_Process_2023,Positive Regulation Of Regulatory T Cell Differentiation (GO:0045591),0.01939197164210517,0.05527618084899137,0,0,57.22435897435897,225.6297036245052,HLA-DRA
GO_Biological_Process_2023,Diterpenoid Metabolic Process (GO:0016101),0.01939197164210517,0.05527618084899137,0,0,57.22435897435897,225.6297036245052,ALDH1A1
GO_Biological_Process_2023,Nuclear-Transcribed mRNA poly(A) Tail Shortening (GO:0000289),0.01939197164210517,0.05527618084899137,0,0,57.22435897435897,225.6297036245052,ZFP36
GO_Biological_Process_2023,Regulation Of Toll-Like Receptor Signaling Pathway (GO:0034121),0.02076321552164354,0.057252068365675556,0,0,53.13392857142857,205.87125008730249,IRF1
GO_Biological_Process_2023,Response To Fibroblast Growth Factor (GO:0071774),0.02076321552164354,0.057252068365675556,0,0,53.13392857142857,205.87125008730249,ZFP36
GO_Biological_Process_2023,Positive Regulation Of Cytosolic Calcium Ion Concentration Involved In Phospholipase C-activating G Protein-Coupled Signaling Pathway (GO:0051482),0.02076321552164354,0.057252068365675556,0,0,53.13392857142857,205.87125008730249,C3AR1
GO_Biological_Process_2023,Inflammatory Response (GO:0006954),0.020835998651114712,0.057252068365675556,0,0,9.746285085305448,37.728581861131836,C3AR1;CXCL5
GO_Biological_Process_2023,Regulation Of Establishment Of Endothelial Barrier (GO:1903140),0.022132618719385815,0.05921446236326907,0,0,49.58888888888889,188.96851766160057,S1PR3
GO_Biological_Process_2023,Immune Response-Activating Cell Surface Receptor Signaling Pathway (GO:0002429),0.022132618719385815,0.05921446236326907,0,0,49.58888888888889,188.96851766160057,C3AR1
GO_Biological_Process_2023,Response To Glucocorticoid (GO:0051384),0.022132618719385815,0.05921446236326907,0,0,49.58888888888889,188.96851766160057,ZFP36
GO_Biological_Process_2023,Peptidyl-Tyrosine Dephosphorylation (GO:0035335),0.023500183583452523,0.05923599994176049,0,0,46.486979166666664,174.36089977757499,DUSP6
GO_Biological_Process_2023,ERK1 And ERK2 Cascade (GO:0070371),0.023500183583452523,0.05923599994176049,0,0,46.486979166666664,174.36089977757499,DUSP6
GO_Biological_Process_2023,Negative Regulation Of Myeloid Cell Differentiation (GO:0045638),0.023500183583452523,0.05923599994176049,0,0,46.486979166666664,174.36089977757499,ZFP36
GO_Biological_Process_2023,Vesicle Docking (GO:0048278),0.023500183583452523,0.05923599994176049,0,0,46.486979166666664,174.36089977757499,STX11
GO_Biological_Process_2023,Regulation Of Adaptive Immune Response (GO:0002819),0.023500183583452523,0.05923599994176049,0,0,46.486979166666664,174.36089977757499,IRF1
GO_Biological_Process_2023,Antigen Processing And Presentation Of Endogenous Peptide Antigen (GO:0002483),0.023500183583452523,0.05923599994176049,0,0,46.486979166666664,174.36089977757499,HLA-DRA
GO_Biological_Process_2023,Regulation Of Peptidase Activity (GO:0052547),0.023500183583452523,0.05923599994176049,0,0,46.486979166666664,174.36089977757499,CTSS
GO_Biological_Process_2023,Regulation Of Regulatory T Cell Differentiation (GO:0045589),0.024865912467124975,0.06015106278571406,0,0,43.75,161.6237608405337,IRF1
GO_Biological_Process_2023,Cellular Response To Interferon-Beta (GO:0035458),0.024865912467124975,0.06015106278571406,0,0,43.75,161.6237608405337,IRF1
GO_Biological_Process_2023,Regulation Of Heterotypic Cell-Cell Adhesion (GO:0034114),0.024865912467124975,0.06015106278571406,0,0,43.75,161.6237608405337,KLF4
GO_Biological_Process_2023,Regulation Of Cell Population Proliferation (GO:0042127),0.025238479018671225,0.06015106278571406,0,0,5.218381618381619,19.200437680360192,IRF1;S1PR3;CXCL5
GO_Biological_Process_2023,Positive Regulation Of Ion Transmembrane Transporter Activity (GO:0032414),0.02622980770655728,0.06015106278571406,0,0,41.317129629629626,150.42983567130022,CTSS
GO_Biological_Process_2023,Negative Regulation Of Interleukin-2 Production (GO:0032703),0.02622980770655728,0.06015106278571406,0,0,41.317129629629626,150.42983567130022,ZFP36
GO_Biological_Process_2023,Membrane Fusion (GO:0061025),0.02622980770655728,0.06015106278571406,0,0,41.317129629629626,150.42983567130022,STX11
GO_Biological_Process_2023,miRNA-mediated Gene Silencing (GO:0035195),0.02622980770655728,0.06015106278571406,0,0,41.317129629629626,150.42983567130022,ZFP36
GO_Biological_Process_2023,Cellular Response To Epidermal Growth Factor Stimulus (GO:0071364),0.02622980770655728,0.06015106278571406,0,0,41.317129629629626,150.42983567130022,ZFP36
GO_Biological_Process_2023,Positive Regulation Of Peptidase Activity (GO:0010952),0.02622980770655728,0.06015106278571406,0,0,41.317129629629626,150.42983567130022,CTSS
GO_Biological_Process_2023,Positive Regulation Of T Cell Mediated Cytotoxicity (GO:0001916),0.02622980770655728,0.06015106278571406,0,0,41.317129629629626,150.42983567130022,HLA-DRA
GO_Biological_Process_2023,"Regulation Of Nuclear-Transcribed mRNA Catabolic Process, Deadenylation-Dependent Decay (GO:1900151)",0.02622980770655728,0.06015106278571406,0,0,41.317129629629626,150.42983567130022,ZFP36
GO_Biological_Process_2023,Positive Regulation Of DNA-templated Transcription (GO:0045893),0.02653526567732278,0.06039743307151827,0,0,3.939667128987517,14.298157680317862,KDM1B;IRF1;IRF2;KLF4
GO_Biological_Process_2023,Positive Regulation Of Nitric Oxide Biosynthetic Process (GO:0045429),0.027591871661187956,0.061878829828399456,0,0,39.14035087719298,140.52302063077965,KLF4
GO_Biological_Process_2023,Regulation Of Cell Migration Involved In Sprouting Angiogenesis (GO:0090049),0.027591871661187956,0.061878829828399456,0,0,39.14035087719298,140.52302063077965,KLF4
GO_Biological_Process_2023,Regulation Of Transcription By RNA Polymerase II (GO:0006357),0.027900686533781933,0.062114667100755395,0,0,3.3120015948963317,11.853998101691472,ZFP36;KDM1B;IRF1;IRF2;KLF4
GO_Biological_Process_2023,Extracellular Matrix Disassembly (GO:0022617),0.02895210666874884,0.06262689740403117,0,0,37.18125,131.70016326656966,CTSS
GO_Biological_Process_2023,Cellular Component Disassembly (GO:0022411),0.02895210666874884,0.06262689740403117,0,0,37.18125,131.70016326656966,CTSS
GO_Biological_Process_2023,Positive Regulation Of Nitric Oxide Metabolic Process (GO:1904407),0.02895210666874884,0.06262689740403117,0,0,37.18125,131.70016326656966,KLF4
GO_Biological_Process_2023,Retinoid Metabolic Process (GO:0001523),0.02895210666874884,0.06262689740403117,0,0,37.18125,131.70016326656966,ALDH1A1
GO_Biological_Process_2023,Negative Regulation Of Endocytosis (GO:0045806),0.03031051507145559,0.06375660066754452,0,0,35.40873015873016,123.79814795905033,DYSF
GO_Biological_Process_2023,Positive Regulation Of Nitrogen Compound Metabolic Process (GO:0051173),0.03031051507145559,0.06375660066754452,0,0,35.40873015873016,123.79814795905033,KLF4
GO_Biological_Process_2023,Response To Epidermal Growth Factor (GO:0070849),0.03031051507145559,0.06375660066754452,0,0,35.40873015873016,123.79814795905033,ZFP36
GO_Biological_Process_2023,Positive Regulation Of Cation Channel Activity (GO:2001259),0.03031051507145559,0.06375660066754452,0,0,35.40873015873016,123.79814795905033,CTSS
GO_Biological_Process_2023,Regulation Of Response To Biotic Stimulus (GO:0002831),0.03166709921626603,0.06438976840640759,0,0,33.797348484848484,116.68456886873035,IRF1
GO_Biological_Process_2023,Regulation Of Sprouting Angiogenesis (GO:1903670),0.03166709921626603,0.06438976840640759,0,0,33.797348484848484,116.68456886873035,KLF4
GO_Biological_Process_2023,Regulation Of T Cell Mediated Cytotoxicity (GO:0001914),0.03166709921626603,0.06438976840640759,0,0,33.797348484848484,116.68456886873035,HLA-DRA
GO_Biological_Process_2023,Negative Regulation Of Blood Vessel Endothelial Cell Migration (GO:0043537),0.03166709921626603,0.06438976840640759,0,0,33.797348484848484,116.68456886873035,KLF4
GO_Biological_Process_2023,Regulation Of Neurotransmitter Secretion (GO:0046928),0.03166709921626603,0.06438976840640759,0,0,33.797348484848484,116.68456886873035,DYSF
GO_Biological_Process_2023,Cellular Response To Cytokine Stimulus (GO:0071345),0.032970943538726594,0.065827893717129,0,0,7.566502463054187,25.81787948800436,ZFP36;IRF1
GO_Biological_Process_2023,Toll-Like Receptor Signaling Pathway (GO:0002224),0.03302186143842864,0.065827893717129,0,0,32.32608695652174,110.25088244417181,CTSS
GO_Biological_Process_2023,Response To Interferon-Beta (GO:0035456),0.03302186143842864,0.065827893717129,0,0,32.32608695652174,110.25088244417181,IRF1
GO_Biological_Process_2023,Positive Regulation Of Apoptotic Process (GO:0043065),0.0341576900263183,0.06635642558225333,0,0,7.418609535811804,25.050919831873795,CTSS;DUSP6
GO_Biological_Process_2023,Synaptic Vesicle Exocytosis (GO:0016079),0.03437480407211811,0.06635642558225333,0,0,30.977430555555557,104.40730533993806,STX11
GO_Biological_Process_2023,Cellular Response To Fibroblast Growth Factor Stimulus (GO:0044344),0.03437480407211811,0.06635642558225333,0,0,30.977430555555557,104.40730533993806,ZFP36
GO_Biological_Process_2023,Negative Regulation Of G1/S Transition Of Mitotic Cell Cycle (GO:2000134),0.03437480407211811,0.06635642558225333,0,0,30.977430555555557,104.40730533993806,KLF4
GO_Biological_Process_2023,Negative Regulation Of Cell Cycle G1/S Phase Transition (GO:1902807),0.03437480407211811,0.06635642558225333,0,0,30.977430555555557,104.40730533993806,KLF4
GO_Biological_Process_2023,Positive Regulation Of Immune Effector Process (GO:0002699),0.03572592946028352,0.06767955580985388,0,0,29.736666666666668,99.07896147087051,HLA-DRA
GO_Biological_Process_2023,Cognition (GO:0050890),0.03572592946028352,0.06767955580985388,0,0,29.736666666666668,99.07896147087051,HLA-DRA
GO_Biological_Process_2023,Negative Regulation Of Cell-Cell Adhesion (GO:0022408),0.03572592946028352,0.06767955580985388,0,0,29.736666666666668,99.07896147087051,KLF4
GO_Biological_Process_2023,Interferon-Mediated Signaling Pathway (GO:0140888),0.03707523993682057,0.06853301927715316,0,0,28.591346153846153,94.20293654897308,IRF1
GO_Biological_Process_2023,Positive Regulation Of Telomerase Activity (GO:0051973),0.03707523993682057,0.06853301927715316,0,0,28.591346153846153,94.20293654897308,KLF4
GO_Biological_Process_2023,Regulation Of Cation Channel Activity (GO:2001257),0.03707523993682057,0.06853301927715316,0,0,28.591346153846153,94.20293654897308,CTSS
GO_Biological_Process_2023,Positive Regulation Of Extrinsic Apoptotic Signaling Pathway (GO:2001238),0.03707523993682057,0.06853301927715316,0,0,28.591346153846153,94.20293654897308,LTBR
GO_Biological_Process_2023,Negative Regulation Of Gene Expression (GO:0010629),0.038128925671483474,0.06975556570401316,0,0,6.975098814229249,22.78612781899203,ZFP36;KLF4
GO_Biological_Process_2023,RNA Transport (GO:0050658),0.03842273783040725,0.06975556570401316,0,0,27.530864197530864,89.72600093693703,ZFP36
GO_Biological_Process_2023,Positive Regulation Of T Cell Mediated Immunity (GO:0002711),0.03842273783040725,0.06975556570401316,0,0,27.530864197530864,89.72600093693703,HLA-DRA
GO_Biological_Process_2023,Macrophage Activation (GO:0042116),0.03976842546465396,0.07093198693987987,0,0,26.546130952380953,85.60283095914662,DYSF
GO_Biological_Process_2023,Negative Regulation Of Transferase Activity (GO:0051348),0.03976842546465396,0.07093198693987987,0,0,26.546130952380953,85.60283095914662,ZFP36
GO_Biological_Process_2023,Blood Circulation (GO:0008015),0.03976842546465396,0.07093198693987987,0,0,26.546130952380953,85.60283095914662,C3AR1
GO_Biological_Process_2023,mRNA Destabilization (GO:0061157),0.041112305173280746,0.0712457561241513,0,0,25.629310344827587,81.79460627817109,ZFP36
GO_Biological_Process_2023,Positive Regulation Of Interferon-Beta Production (GO:0032728),0.041112305173280746,0.0712457561241513,0,0,25.629310344827587,81.79460627817109,IRF1
GO_Biological_Process_2023,Negative Regulation Of Mitotic Cell Cycle Phase Transition (GO:1901991),0.041112305173280746,0.0712457561241513,0,0,25.629310344827587,81.79460627817109,KLF4
GO_Biological_Process_2023,Negative Regulation Of ERK1 And ERK2 Cascade (GO:0070373),0.041112305173280746,0.0712457561241513,0,0,25.629310344827587,81.79460627817109,DUSP6
GO_Biological_Process_2023,Negative Regulation Of Cold-Induced Thermogenesis (GO:0120163),0.041112305173280746,0.0712457561241513,0,0,25.629310344827587,81.79460627817109,ALDH1A1
GO_Biological_Process_2023,Regulation Of Erythrocyte Differentiation (GO:0045646),0.04245437927365616,0.07193658710258405,0,0,24.773611111111112,78.26789408752882,ZFP36
GO_Biological_Process_2023,Regulation Of Apoptotic Signaling Pathway (GO:2001233),0.04245437927365616,0.07193658710258405,0,0,24.773611111111112,78.26789408752882,CTSS
GO_Biological_Process_2023,Regulation Of Nitric Oxide Biosynthetic Process (GO:0045428),0.04245437927365616,0.07193658710258405,0,0,24.773611111111112,78.26789408752882,KLF4
GO_Biological_Process_2023,"Nuclear-Transcribed mRNA Catabolic Process, Deadenylation-Dependent Decay (GO:0000288)",0.04245437927365616,0.07193658710258405,0,0,24.773611111111112,78.26789408752882,ZFP36
GO_Biological_Process_2023,Positive Regulation Of miRNA Transcription (GO:1902895),0.0437946500903159,0.07379761479307376,0,0,23.973118279569892,74.99375414455439,KLF4
GO_Biological_Process_2023,mRNA Catabolic Process (GO:0006402),0.045133119938201814,0.07400861065135245,0,0,23.22265625,71.94701550893616,ZFP36
GO_Biological_Process_2023,mRNA Stabilization (GO:0048255),0.045133119938201814,0.07400861065135245,0,0,23.22265625,71.94701550893616,ZFP36
GO_Biological_Process_2023,Regulation Of Secretion By Cell (GO:1903530),0.045133119938201814,0.07400861065135245,0,0,23.22265625,71.94701550893616,DYSF
GO_Biological_Process_2023,Negative Regulation Of Metabolic Process (GO:0009892),0.045133119938201814,0.07400861065135245,0,0,23.22265625,71.94701550893616,ALDH1A1
GO_Biological_Process_2023,Antimicrobial Humoral Immune Response Mediated By Antimicrobial Peptide (GO:0061844),0.045133119938201814,0.07400861065135245,0,0,23.22265625,71.94701550893616,CXCL5
GO_Biological_Process_2023,Positive Regulation Of Fat Cell Differentiation (GO:0045600),0.046469791138617385,0.07579297485175564,0,0,22.517676767676768,69.10568785104269,ZFP36
GO_Biological_Process_2023,Positive Regulation Of Leukocyte Mediated Cytotoxicity (GO:0001912),0.04780466600769668,0.0771450959383465,0,0,21.854166666666668,66.45047913431725,HLA-DRA
GO_Biological_Process_2023,Regulation Of Telomerase Activity (GO:0051972),0.04780466600769668,0.0771450959383465,0,0,21.854166666666668,66.45047913431725,KLF4
GO_Biological_Process_2023,Stress-Activated MAPK Cascade (GO:0051403),0.04913774683976409,0.07846603552946621,0,0,21.228571428571428,63.96439797840457,ZFP36
GO_Biological_Process_2023,Cellular Response To Chemokine (GO:1990869),0.04913774683976409,0.07846603552946621,0,0,21.228571428571428,63.96439797840457,CXCL5
GO_Biological_Process_2023,Positive Regulation Of mRNA Catabolic Process (GO:0061014),0.050469035964416355,0.07893874855972814,0,0,20.63773148148148,61.632423885649736,ZFP36
GO_Biological_Process_2023,Phospholipase C-activating G Protein-Coupled Receptor Signaling Pathway (GO:0007200),0.050469035964416355,0.07893874855972814,0,0,20.63773148148148,61.632423885649736,C3AR1
GO_Biological_Process_2023,Positive Regulation Of miRNA Metabolic Process (GO:2000630),0.050469035964416355,0.07893874855972814,0,0,20.63773148148148,61.632423885649736,KLF4
GO_Biological_Process_2023,Chemokine-Mediated Signaling Pathway (GO:0070098),0.050469035964416355,0.07893874855972814,0,0,20.63773148148148,61.632423885649736,CXCL5
GO_Biological_Process_2023,Cellular Response To Calcium Ion (GO:0071277),0.05179853566871279,0.07979067363109799,0,0,20.07882882882883,59.441232325721344,CPNE2
GO_Biological_Process_2023,Regulation Of Interleukin-2 Production (GO:0032663),0.05179853566871279,0.07979067363109799,0,0,20.07882882882883,59.441232325721344,ZFP36
GO_Biological_Process_2023,Negative Regulation Of Response To Stimulus (GO:0048585),0.05179853566871279,0.07979067363109799,0,0,20.07882882882883,59.441232325721344,KLF4
GO_Biological_Process_2023,Positive Regulation Of Proteolysis (GO:0045862),0.05312624826821428,0.08101752860902676,0,0,19.549342105263158,57.37896425774517,CTSS
GO_Biological_Process_2023,Negative Regulation Of Blood Vessel Morphogenesis (GO:2000181),0.05312624826821428,0.08101752860902676,0,0,19.549342105263158,57.37896425774517,KLF4
GO_Biological_Process_2023,Regulation Of mRNA Catabolic Process (GO:0061013),0.05445217604831121,0.08181238273268433,0,0,19.04700854700855,55.435032060067314,ZFP36
GO_Biological_Process_2023,Negative Regulation Of Cysteine-Type Endopeptidase Activity (GO:2000117),0.05445217604831121,0.08181238273268433,0,0,19.04700854700855,55.435032060067314,KLF4
GO_Biological_Process_2023,Negative Regulation Of Cysteine-Type Endopeptidase Activity Involved In Apoptotic Process (GO:0043154),0.05445217604831121,0.08181238273268433,0,0,19.04700854700855,55.435032060067314,KLF4
GO_Biological_Process_2023,Fat Cell Differentiation (GO:0045444),0.055776321335071544,0.0829842829619357,0,0,18.569791666666667,53.59995527191052,KLF4
GO_Biological_Process_2023,Regulation Of Interferon-Beta Production (GO:0032648),0.055776321335071544,0.0829842829619357,0,0,18.569791666666667,53.59995527191052,IRF1
GO_Biological_Process_2023,Pattern Recognition Receptor Signaling Pathway (GO:0002221),0.05709868638302088,0.08413091471894382,0,0,18.115853658536587,51.86522105812415,CTSS
GO_Biological_Process_2023,Regulation Of Multicellular Organismal Development (GO:2000026),0.05709868638302088,0.08413091471894382,0,0,18.115853658536587,51.86522105812415,DUSP6
GO_Biological_Process_2023,Neutrophil Chemotaxis (GO:0030593),0.05841927351782879,0.0856628770333547,0,0,17.683531746031747,50.223165048409996,CXCL5
GO_Biological_Process_2023,Regulation Of Epithelial Cell Proliferation (GO:0050678),0.059738085016409107,0.08717758818184104,0,0,17.271317829457363,48.66686932583383,ZFP36
GO_Biological_Process_2023,mRNA Transport (GO:0051028),0.06105512316299925,0.08783873851280552,0,0,16.87784090909091,47.19007464492054,ZFP36
GO_Biological_Process_2023,Regulation Of miRNA Transcription (GO:1902893),0.06105512316299925,0.08783873851280552,0,0,16.87784090909091,47.19007464492054,KLF4
GO_Biological_Process_2023,Antimicrobial Humoral Response (GO:0019730),0.06105512316299925,0.08783873851280552,0,0,16.87784090909091,47.19007464492054,CXCL5
GO_Biological_Process_2023,Granulocyte Chemotaxis (GO:0071621),0.06237039023492071,0.08847892568209682,0,0,16.501851851851853,45.78710469073567,CXCL5
GO_Biological_Process_2023,Negative Regulation Of Angiogenesis (GO:0016525),0.06237039023492071,0.08847892568209682,0,0,16.501851851851853,45.78710469073567,KLF4
GO_Biological_Process_2023,Regulation Of Phagocytosis (GO:0050764),0.06237039023492071,0.08847892568209682,0,0,16.501851851851853,45.78710469073567,DYSF
GO_Biological_Process_2023,Positive Regulation Of Cell Population Proliferation (GO:0008284),0.0633843693381722,0.08909901836723987,0,0,5.215610624721768,14.387460040697327,S1PR3;CXCL5
GO_Biological_Process_2023,Regulation Of Fat Cell Differentiation (GO:0045598),0.06368388853789604,0.08909901836723987,0,0,16.142210144927535,44.452800473403414,ZFP36
GO_Biological_Process_2023,Regulation Of Type I Interferon Production (GO:0032479),0.06368388853789604,0.08909901836723987,0,0,16.142210144927535,44.452800473403414,IRF1
GO_Biological_Process_2023,RNA Catabolic Process (GO:0006401),0.06499562032328329,0.09051901460548586,0,0,15.797872340425531,43.18246335779396,ZFP36
GO_Biological_Process_2023,Cellular Response To Type II Interferon (GO:0071346),0.06630558787703193,0.09150771177599429,0,0,15.467881944444445,41.971805369537435,IRF1
GO_Biological_Process_2023,Neutrophil Migration (GO:1990266),0.06630558787703193,0.09150771177599429,0,0,15.467881944444445,41.971805369537435,CXCL5
GO_Biological_Process_2023,Positive Regulation Of DNA Biosynthetic Process (GO:2000573),0.06761379347128532,0.09247626461319293,0,0,15.151360544217686,40.81690578935436,KLF4
GO_Biological_Process_2023,Positive Regulation Of T Cell Differentiation (GO:0045582),0.06761379347128532,0.09247626461319293,0,0,15.151360544217686,40.81690578935436,HLA-DRA
GO_Biological_Process_2023,Regulation Of Extrinsic Apoptotic Signaling Pathway (GO:2001236),0.0689202393831937,0.0938422902315807,0,0,14.8475,39.71417308711391,LTBR
GO_Biological_Process_2023,Negative Regulation Of Viral Process (GO:0048525),0.07022492786417643,0.09445522381647893,0,0,14.555555555555555,38.66031147216792,ZFP36
GO_Biological_Process_2023,Positive Regulation Of Type I Interferon Production (GO:0032481),0.07022492786417643,0.09445522381647893,0,0,14.555555555555555,38.66031147216792,IRF1
GO_Biological_Process_2023,Negative Regulation Of Nucleic Acid-Templated Transcription (GO:1903507),0.0702994616601335,0.09445522381647893,0,0,4.908709632322102,13.032580572562546,IRF1;KLF4
GO_Biological_Process_2023,Positive Regulation Of JNK Cascade (GO:0046330),0.071527861202467,0.09568420029277384,0,0,14.274839743589743,37.65229139442569,LTBR
GO_Biological_Process_2023,Positive Regulation Of Immune Response (GO:0050778),0.07282904164462252,0.09657764218091246,0,0,14.004716981132075,36.687323509654654,HLA-DRA
GO_Biological_Process_2023,Cellular Response To Hormone Stimulus (GO:0032870),0.07282904164462252,0.09657764218091246,0,0,14.004716981132075,36.687323509654654,CTSS
GO_Biological_Process_2023,Epigenetic Regulation Of Gene Expression (GO:0040029),0.07542615285972681,0.09915938199231328,0,0,13.493939393939394,34.876452074513985,KDM1B
GO_Biological_Process_2023,Regulation Of Interleukin-8 Production (GO:0032677),0.07542615285972681,0.09915938199231328,0,0,13.493939393939394,34.876452074513985,KLF4
GO_Biological_Process_2023,Exocytosis (GO:0006887),0.07672208817154609,0.10043020125459896,0,0,13.252232142857142,34.02597577994535,STX11
GO_Biological_Process_2023,Proteolysis Involved In Protein Catabolic Process (GO:0051603),0.07801627959249062,0.10125517138599846,0,0,13.019005847953217,33.20937173214057,CTSS
GO_Biological_Process_2023,Regulation Of mRNA Stability (GO:0043488),0.07801627959249062,0.10125517138599846,0,0,13.019005847953217,33.20937173214057,ZFP36
GO_Biological_Process_2023,Regulation Of Defense Response (GO:0031347),0.081888413092491,0.1053838227561593,0,0,12.365972222222222,30.944581367354083,IRF1
GO_Biological_Process_2023,Modulation Of Chemical Synaptic Transmission (GO:0050804),0.081888413092491,0.1053838227561593,0,0,12.365972222222222,30.944581367354083,DYSF
GO_Biological_Process_2023,mRNA Metabolic Process (GO:0016071),0.08317565147144063,0.10614465982757067,0,0,12.162568306010929,30.245882459753037,ZFP36
GO_Biological_Process_2023,Regulation Of Innate Immune Response (GO:0045088),0.08317565147144063,0.10614465982757067,0,0,12.162568306010929,30.245882459753037,IRF1
GO_Biological_Process_2023,Response To Calcium Ion (GO:0051592),0.08446115719550176,0.10733605393595015,0,0,11.965725806451612,29.572854922235415,CPNE2
GO_Biological_Process_2023,Negative Regulation Of NF-kappaB Transcription Factor Activity (GO:0032088),0.08574493248160031,0.10851537098293815,0,0,11.775132275132275,28.924179295546374,KLF4
GO_Biological_Process_2023,Regulation Of Cysteine-Type Endopeptidase Activity Involved In Apoptotic Process (GO:0043281),0.08702697958808878,0.10968276353044246,0,0,11.590494791666666,28.298623020276978,KLF4
GO_Biological_Process_2023,Regulation Of Protein Metabolic Process (GO:0051246),0.09086277400014967,0.11311488191855366,0,0,11.069651741293532,26.549506851736886,KLF4
GO_Biological_Process_2023,Cellular Response To Salt (GO:1902075),0.09086277400014967,0.11311488191855366,0,0,11.069651741293532,26.549506851736886,CPNE2
GO_Biological_Process_2023,Negative Regulation Of MAPK Cascade (GO:0043409),0.09086277400014967,0.11311488191855366,0,0,11.069651741293532,26.549506851736886,DUSP6
GO_Biological_Process_2023,Nuclear-Transcribed mRNA Catabolic Process (GO:0000956),0.09213793060030553,0.11423605216704547,0,0,10.90625,26.005610439984075,ZFP36
GO_Biological_Process_2023,Response To Tumor Necrosis Factor (GO:0034612),0.09341137010866102,0.11534602381838709,0,0,10.747584541062801,25.479752278867732,ZFP36
GO_Biological_Process_2023,Positive Regulation Of Stress-Activated MAPK Cascade (GO:0032874),0.09468309476191267,0.11644493509025548,0,0,10.593452380952382,24.971095790953175,LTBR
GO_Biological_Process_2023,Protein Processing (GO:0016485),0.09595310675711945,0.11753292193141136,0,0,10.443661971830986,24.47885415968029,CTSS
GO_Biological_Process_2023,Extracellular Matrix Organization (GO:0030198),0.09848800165971669,0.1196766554032414,0,0,10.156392694063927,23.54069568782974,CTSS
GO_Biological_Process_2023,Negative Regulation Of Translation (GO:0017148),0.09848800165971669,0.1196766554032414,0,0,10.156392694063927,23.54069568782974,ZFP36
GO_Biological_Process_2023,Protein Catabolic Process (GO:0030163),0.0997528889750451,0.12025545904106226,0,0,10.01858108108108,23.093423107791363,CTSS
GO_Biological_Process_2023,Negative Regulation Of Inflammatory Response (GO:0050728),0.0997528889750451,0.12025545904106226,0,0,10.01858108108108,23.093423107791363,KLF4
GO_Biological_Process_2023,Positive Regulation Of Angiogenesis (GO:0045766),0.10101607246411741,0.12129882717147958,0,0,9.884444444444444,22.65984811858114,KLF4
GO_Biological_Process_2023,Protein Maturation (GO:0051604),0.10227755432893096,0.12137997692733052,0,0,9.753837719298245,22.239384393242386,CTSS
GO_Biological_Process_2023,Regulation Of JNK Cascade (GO:0046328),0.10227755432893096,0.12137997692733052,0,0,9.753837719298245,22.239384393242386,LTBR
GO_Biological_Process_2023,Negative Regulation Of Defense Response (GO:0031348),0.10227755432893096,0.12137997692733052,0,0,9.753837719298245,22.239384393242386,KLF4
GO_Biological_Process_2023,Regulation Of Response To External Stimulus (GO:0032101),0.10605181210610554,0.12528438803560313,0,0,9.381856540084389,21.051267807365985,IRF1
GO_Biological_Process_2023,Positive Regulation Of Nucleic Acid-Templated Transcription (GO:1903508),0.106389037708922,0.12528438803560313,0,0,3.826525024641332,8.573913767495533,IRF1;KLF4
GO_Biological_Process_2023,Cellular Response To Metal Ion (GO:0071248),0.10855951604456603,0.12686073714020168,0,0,9.14917695473251,20.315351464587426,CPNE2
GO_Biological_Process_2023,Cellular Response To Tumor Necrosis Factor (GO:0071356),0.10855951604456603,0.12686073714020168,0,0,9.14917695473251,20.315351464587426,ZFP36
GO_Biological_Process_2023,Protein Dephosphorylation (GO:0006470),0.11355467947966764,0.13168888684904423,0,0,8.716666666666667,18.962853811360333,DUSP6
GO_Biological_Process_2023,Regulation Of G1/S Transition Of Mitotic Cell Cycle (GO:2000045),0.11355467947966764,0.13168888684904423,0,0,8.716666666666667,18.962853811360333,KLF4
GO_Biological_Process_2023,Positive Regulation Of Transferase Activity (GO:0051347),0.12099707446706874,0.13978828678960592,0,0,8.139194139194139,17.18988777162909,KLF4
GO_Biological_Process_2023,Positive Regulation Of Macromolecule Biosynthetic Process (GO:0010557),0.12223162721532868,0.1406816841534915,0,0,8.050271739130435,16.920362628398898,KLF4
GO_Biological_Process_2023,Negative Regulation Of Response To External Stimulus (GO:0032102),0.12715321325654386,0.1457959776061875,0,0,7.713107638888889,15.907224076694012,KLF4
GO_Biological_Process_2023,Regulation Of Cold-Induced Thermogenesis (GO:0120161),0.12837946424094518,0.146650698852016,0,0,7.633161512027492,15.669085541959987,ALDH1A1
GO_Biological_Process_2023,Regulation Of Tumor Necrosis Factor Production (GO:0032680),0.13082700660678706,0.1488889440860823,0,0,7.478114478114478,15.209582903694697,ZFP36
GO_Biological_Process_2023,Negative Regulation Of DNA-binding Transcription Factor Activity (GO:0043433),0.1465759508958977,0.1661920632834528,0,0,6.605282738095238,12.683540196232405,KLF4
GO_Biological_Process_2023,Positive Regulation Of Hydrolase Activity (GO:0051345),0.14777599420584503,0.1663161558405267,0,0,6.54646017699115,12.51720961835092,CTSS
GO_Biological_Process_2023,Membrane Organization (GO:0061024),0.14777599420584503,0.1663161558405267,0,0,6.54646017699115,12.51720961835092,STX11
GO_Biological_Process_2023,Regulation Of MAPK Cascade (GO:0043408),0.15255998803785295,0.17106910423362187,0,0,6.321225071225071,11.885150919075848,DUSP6
GO_Biological_Process_2023,Negative Regulation Of Macromolecule Metabolic Process (GO:0010605),0.15731819521095536,0.17448018014305958,0,0,6.110881542699724,11.30198254966003,KLF4
GO_Biological_Process_2023,Regulation Of Angiogenesis (GO:0045765),0.15731819521095536,0.17448018014305958,0,0,6.110881542699724,11.30198254966003,KLF4
GO_Biological_Process_2023,Positive Regulation Of Cellular Biosynthetic Process (GO:0031328),0.15731819521095536,0.17448018014305958,0,0,6.110881542699724,11.30198254966003,KLF4
GO_Biological_Process_2023,Regulation Of Cell Differentiation (GO:0045595),0.16910176904932162,0.1868085368033753,0,0,5.641221374045801,10.02588641987802,KLF4
GO_Biological_Process_2023,Negative Regulation Of Multicellular Organismal Process (GO:0051241),0.17027138764373223,0.1868085368033753,0,0,5.598169191919192,9.91078442219339,ALDH1A1
GO_Biological_Process_2023,Regulation Of ERK1 And ERK2 Cascade (GO:0070372),0.17027138764373223,0.1868085368033753,0,0,5.598169191919192,9.91078442219339,DUSP6
GO_Biological_Process_2023,Positive Regulation Of I-kappaB kinase/NF-kappaB Signaling (GO:0043123),0.1818809746336841,0.19883045614076578,0,0,5.20099765258216,8.86459491700297,LTBR
GO_Biological_Process_2023,Positive Regulation Of Protein Metabolic Process (GO:0051247),0.18877170254193476,0.2056263188403218,0,0,4.988457207207207,8.316840246125762,KLF4
GO_Biological_Process_2023,Negative Regulation Of Intracellular Signal Transduction (GO:1902532),0.19447138176174636,0.21108103714353252,0,0,4.824074074074074,7.899277848696507,DUSP6
GO_Biological_Process_2023,Regulation Of Inflammatory Response (GO:0050727),0.19900342566016035,0.21523420151187556,0,0,4.700106157112526,7.588007611726911,KLF4
GO_Biological_Process_2023,Positive Regulation Of Signal Transduction (GO:0009967),0.2001326061332257,0.21569061791743407,0,0,4.6700949367088604,7.513132455704922,CTSS
GO_Biological_Process_2023,Positive Regulation Of Cell Differentiation (GO:0045597),0.203510985964941,0.21855933351868664,0,0,4.582298136645963,7.295180344999531,ZFP36
GO_Biological_Process_2023,Cytokine-Mediated Signaling Pathway (GO:0019221),0.21688802953937444,0.2321082421386288,0,0,4.261560693641618,6.513258783130633,CXCL5
GO_Biological_Process_2023,Regulation Of I-kappaB kinase/NF-kappaB Signaling (GO:0043122),0.2278705563323296,0.24300881007468716,0,0,4.026411657559199,5.954972435039359,LTBR
GO_Biological_Process_2023,Apoptotic Process (GO:0006915),0.23004924694459436,0.24447742271115427,0,0,3.9824324324324323,5.852032632521769,IRF1
GO_Biological_Process_2023,Proteolysis (GO:0006508),0.2354701844769497,0.2493694661995474,0,0,3.876535087719298,5.606132541904477,CTSS
GO_Biological_Process_2023,Positive Regulation Of Programmed Cell Death (GO:0043068),0.24192695178051174,0.25532083146386186,0,0,3.7565901360544216,5.33105012977637,DUSP6
GO_Biological_Process_2023,Regulation Of DNA-templated Transcription (GO:0006355),0.24633001509842364,0.2590712227759283,0,0,1.8428476478842035,2.5819827272062943,IRF1;IRF2;KLF4
GO_Biological_Process_2023,Positive Regulation Of Macromolecule Metabolic Process (GO:0010604),0.2546837938123638,0.2668003078799684,0,0,3.5374599358974357,4.838299019250293,KLF4
GO_Biological_Process_2023,Regulation Of Gene Expression (GO:0010468),0.2554284914785271,0.2668003078799684,0,0,2.1420996818663838,2.923565033214517,IRF2;KLF4
GO_Biological_Process_2023,Regulation Of Cell Cycle (GO:0051726),0.2630735877793413,0.27384793267132795,0,0,3.4048996913580245,4.546635710434838,IRF1
GO_Biological_Process_2023,Positive Regulation Of Cytokine Production (GO:0001819),0.26723441155093175,0.277232977969504,0,0,3.3422348484848485,4.410510230961834,IRF1
GO_Biological_Process_2023,Negative Regulation Of Cell Population Proliferation (GO:0008285),0.27137267712661584,0.280571750927518,0,0,3.2818080357142856,4.2803382029801895,IRF1
GO_Biological_Process_2023,Protein Transport (GO:0015031),0.2765139651624591,0.2849214843734798,0,0,3.2092430858806407,4.125462578612109,STX11
GO_Biological_Process_2023,Intracellular Protein Transport (GO:0006886),0.28466766055036913,0.2923354763227697,0,0,3.099507735583685,3.8943234384668712,STX11
GO_Biological_Process_2023,Protein Localization (GO:0008104),0.2877024933134675,0.29446060557250864,0,0,3.0602430555555555,3.812537532314476,STX11
GO_Biological_Process_2023,Vesicle-Mediated Transport (GO:0016192),0.3193144186791167,0.32572206587669095,0,0,2.6953125,3.0769122107731812,STX11
GO_Biological_Process_2023,Positive Regulation Of Gene Expression (GO:0010628),0.34119885900683306,0.3468855066569469,0,0,2.4819209039548022,2.668784250869794,KLF4
GO_Biological_Process_2023,Regulation Of Nucleic Acid-Templated Transcription (GO:1903506),0.3467957910256618,0.3514043729662022,0,0,2.4316168327796235,2.575128841840782,IRF2
GO_Biological_Process_2023,Negative Regulation Of Apoptotic Process (GO:0043066),0.374993689720351,0.37836463378061985,0,0,2.2006777108433737,2.1585261072690334,KLF4
GO_Biological_Process_2023,Negative Regulation Of Cellular Process (GO:0048523),0.37588355421484526,0.37836463378061985,0,0,2.193943943943944,2.1467212307717682,IRF1
GO_Biological_Process_2023,Positive Regulation Of Intracellular Signal Transduction (GO:1902533),0.39429217021336394,0.3955891839311711,0,0,2.0613229755178906,1.9183972216964142,LTBR
GO_Biological_Process_2023,Regulation Of Apoptotic Process (GO:0042981),0.5177107003983432,0.5177107003983432,0,0,1.4095191682910981,0.9279409973950441,DUSP6
